{
  "model": "baseline_rolling_mean_7",
  "rows": {
    "train": 46441,
    "test": 3929
  },
  "metrics_test": {
    "mae": 16.462276842526272,
    "rmse": 34.47425164104549,
    "r2": 0.20803011549031258
  }
}