{
  "model": "baseline_rolling_mean_7",
  "rows": {
    "train": 49248,
    "test": 1122
  },
  "metrics_test": {
    "mae": 16.587471352177232,
    "rmse": 30.997899381865437,
    "r2": 0.4120403040906754
  }
}