{
  "model": "baseline_rolling_mean_7",
  "rows": {
    "train": 46462,
    "test": 5198
  },
  "metrics_test": {
    "mae": 16.91996921893036,
    "rmse": 34.72158696807299,
    "r2": 0.25003946883048844
  }
}