{
  "model": "LightGBMRegressor",
  "params": {
    "n_estimators": 500,
    "learning_rate": 0.05,
    "max_depth": -1,
    "random_state": 42
  },
  "runtime": {
    "train_seconds": 1.825051200001326
  },
  "rows": {
    "train": 46462,
    "test": 5198
  },
  "metrics_test": {
    "mae": 20.028608991109184,
    "rmse": 30.696033767091084,
    "r2": 0.41385670329092084
  }
}