{
  "model": "LightGBMRegressor",
  "params": {
    "n_estimators": 500,
    "learning_rate": 0.05,
    "max_depth": -1,
    "random_state": 42
  },
  "runtime": {
    "train_seconds": 1.697228900000482
  },
  "rows": {
    "train": 46441,
    "test": 3929
  },
  "metrics_test": {
    "mae": 23.308687577180265,
    "rmse": 37.464361710394606,
    "r2": 0.06468984803989875
  }
}