model,mae,rmse,r2
RandomForestRegressor_fast,14.300871760388832,26.222956839026807,0.5792284687594339
baseline_rolling_mean_7,16.587471352177232,30.997899381865437,0.4120403040906754
LightGBMRegressor,24.423606822299963,33.99678803077996,0.2927730479759161
