model,mae,rmse,r2
RandomForestRegressor_weather_binary,13.669264524380957,25.064833523348018,0.5813523849065371
baseline_rolling_mean_7,16.462276842526272,34.47425164104549,0.20803011549031258
LightGBMRegressor,23.308687577180265,37.464361710394606,0.06468984803989875
RandomForestRegressor_weather,34.48127201249929,52.825535567312876,-0.707539841640747
