{
  "model": "RandomForestRegressor_weather_binary",
  "params": {
    "n_estimators": 100,
    "max_depth": 20,
    "min_samples_leaf": 3,
    "random_state": 42
  },
  "runtime": {
    "train_seconds": 1.8796620000066468
  },
  "rows": {
    "train": 46462,
    "test": 5198
  },
  "metrics_test": {
    "mae": 17.49505225229888,
    "rmse": 29.057248957779333,
    "r2": 0.47477152451052795
  }
}