{
  "model": "RandomForestRegressor_weather_binary",
  "params": {
    "n_estimators": 100,
    "max_depth": 20,
    "min_samples_leaf": 3,
    "random_state": 42
  },
  "runtime": {
    "train_seconds": 1.7677122000022791
  },
  "rows": {
    "train": 46441,
    "test": 3929
  },
  "metrics_test": {
    "mae": 13.669264524380957,
    "rmse": 25.064833523348018,
    "r2": 0.5813523849065371
  }
}