{
  "model": "RandomForestRegressor_fast",
  "params": {
    "n_estimators": 100,
    "max_depth": 20,
    "min_samples_leaf": 3,
    "random_state": 42
  },
  "runtime": {
    "train_seconds": 1.747608699995908
  },
  "rows": {
    "train": 49248,
    "test": 1122
  },
  "metrics_test": {
    "mae": 14.300871760388832,
    "rmse": 26.222956839026807,
    "r2": 0.5792284687594339
  }
}